RK,NAME,,TEAM,SALARY
1,Stephen Curry,PG,Golden State Warriors,"$40,231,758 "
2,Chris Paul,PG,Oklahoma City Thunder,"$38,506,482 "
3,Russell Westbrook,PG,Houston Rockets,"$38,506,482 "
4,John Wall,PG,Washington Wizards,"$38,199,000 "
5,Kevin Durant,SF,Brooklyn Nets,"$38,199,000 "
6,James Harden,SG,Houston Rockets,"$38,199,000 "
7,LeBron James,SF,Los Angeles Lakers,"$37,436,858 "
8,Kyle Lowry,PG,Toronto Raptors,"$34,996,296 "
9,Blake Griffin,PF,Detroit Pistons,"$34,449,964 "
10,Tobias Harris,SF,Philadelphia 76ers,"$32,742,000 "
11,Jimmy Butler,SF,Miami Heat,"$32,742,000 "
12,Kawhi Leonard,SF,LA Clippers,"$32,742,000 "
13,Klay Thompson,SG,Golden State Warriors,"$32,742,000 "
14,Kemba Walker,PG,Boston Celtics,"$32,742,000 "
15,Gordon Hayward,SF,Boston Celtics,"$32,700,690 "
16,Mike Conley,PG,Utah Jazz,"$32,511,624 "
17,Kyrie Irving,PG,Brooklyn Nets,"$31,742,000 "
18,Khris Middleton,SF,Milwaukee Bucks,"$30,603,448 "
19,Paul George,SG,LA Clippers,"$30,560,700 "
20,Paul Millsap,PF,Denver Nuggets,"$30,350,000 "
21,Damian Lillard,PG,Portland Trail Blazers,"$29,802,321 "
22,Kevin Love,PF,Cleveland Cavaliers,"$28,942,830 "
23,Al Horford,PF,Philadelphia 76ers,"$28,000,000 "
24,Nikola Vucevic,C,Orlando Magic,"$28,000,000 "
25,DeMar DeRozan,SF,San Antonio Spurs,"$27,739,975 "
26,CJ McCollum,SG,Portland Trail Blazers,"$27,556,959 "
27,Joel Embiid,C,Philadelphia 76ers,"$27,504,630 "
28,Andrew Wiggins,SG,Minnesota Timberwolves,"$27,504,630 "
29,Nikola Jokic,C,Denver Nuggets,"$27,504,630 "
30,Devin Booker,SG,Phoenix Suns,"$27,285,000 "
31,D'Angelo Russell,SG,Minnesota Timberwolves,"$27,285,000 "
32,Karl-Anthony Towns,C,Minnesota Timberwolves,"$27,285,000 "
33,Kristaps Porzingis,PF,Dallas Mavericks,"$27,285,000 "
34,Otto Porter Jr.,SF,Chicago Bulls,"$27,250,575 "
35,Bradley Beal,SG,Washington Wizards,"$27,093,019 "
36,Andre Drummond,C,Detroit Pistons,"$27,093,019 "
37,Anthony Davis,PF,Los Angeles Lakers,"$27,093,018 "
38,Hassan Whiteside,C,Portland Trail Blazers,"$27,093,017 "
39,Jrue Holiday,SG,New Orleans Pelicans,"$26,231,111 "
40,LaMarcus Aldridge,PF,San Antonio Spurs,"$26,000,000 "
41,Steven Adams,C,Oklahoma City Thunder,"$25,842,697 "
42,Giannis Antetokounmpo,PF,Milwaukee Bucks,"$25,842,697 "
43,Marc Gasol,C,Toronto Raptors,"$25,595,700 "
44,Nicolas Batum,SG,Charlotte Hornets,"$25,565,217 "
45,Chandler Parsons,F,Atlanta Hawks,"$25,102,511 "
46,Harrison Barnes,SF,Sacramento Kings,"$24,147,727 "
47,Serge Ibaka,C,Toronto Raptors,"$23,271,604 "
48,Rudy Gobert,C,Utah Jazz,"$23,241,573 "
49,Danilo Gallinari,PF,Oklahoma City Thunder,"$22,615,559 "
50,Victor Oladipo,SG,Indiana Pacers,"$21,000,000 "
51,Tim Hardaway Jr.,SG,Dallas Mavericks,"$20,025,127 "
52,Malcolm Brogdon,PG,Indiana Pacers,"$20,000,000 "
53,Terry Rozier,PG,Charlotte Hornets,"$19,894,737 "
54,Aaron Gordon,PF,Orlando Magic,"$19,863,636 "
55,Zach LaVine,PG,Chicago Bulls,"$19,500,000 "
56,Kent Bazemore,SG,Sacramento Kings,"$19,269,662 "
57,Tyler Johnson,G,Phoenix Suns,"$19,245,370 "
58,Goran Dragic,PG,Miami Heat,"$19,217,900 "
59,Jeff Teague,PG,Minnesota Timberwolves,"$19,000,000 "
60,Evan Turner,SG,Atlanta Hawks,"$18,606,556 "
61,Draymond Green,PF,Golden State Warriors,"$18,539,130 "
62,Tristan Thompson,C,Cleveland Cavaliers,"$18,539,130 "
63,Allen Crabbe,SG,Minnesota Timberwolves,"$18,500,000 "
64,Reggie Jackson,G,Detroit Pistons,"$18,086,956 "
65,Julius Randle,PF,New York Knicks,"$18,000,000 "
66,Myles Turner,C,Indiana Pacers,"$18,000,000 "
67,Gary Harris,SG,Denver Nuggets,"$17,839,286 "
68,Derrick Favors,C,New Orleans Pelicans,"$17,650,000 "
69,Andre Iguodala,SG,Miami Heat,"$17,185,185 "
70,Evan Fournier,SG,Orlando Magic,"$17,150,000 "
71,Bismack Biyombo,C,Charlotte Hornets,"$17,000,000 "
72,Bojan Bogdanovic,SF,Utah Jazz,"$17,000,000 "
73,Timofey Mozgov,C,Orlando Magic,"$16,720,000 "
74,Gorgui Dieng,C,Memphis Grizzlies,"$16,229,213 "
75,Ricky Rubio,PG,Phoenix Suns,"$16,200,000 "
76,Jonas Valanciunas,C,Memphis Grizzlies,"$16,000,000 "
77,JR Smith,G,Cleveland Cavaliers,"$15,680,000 "
78,Brandon Knight,PG,Detroit Pistons,"$15,643,750 "
79,Kelly Oubre Jr.,SF,Phoenix Suns,"$15,625,000 "
80,Eric Bledsoe,PG,Milwaukee Bucks,"$15,625,000 "
81,Dennis Schroder,PG,Oklahoma City Thunder,"$15,500,000 "
82,Ian Mahinmi,C,Washington Wizards,"$15,450,051 "
83,James Johnson,PF,Minnesota Timberwolves,"$15,349,400 "
84,Marvin Williams,F,Charlotte Hornets,"$15,006,250 "
85,Bobby Portis,PF,New York Knicks,"$15,000,000 "
86,Marcus Morris Sr.,SF,New York Knicks,"$15,000,000 "
87,Clint Capela,C,Houston Rockets,"$14,896,552 "
88,Luke Babbitt,F,Miami Heat,"$14,651,700 "
89,Danny Green,SG,Los Angeles Lakers,"$14,634,146 "
90,Rudy Gay,SF,San Antonio Spurs,"$14,500,000 "
91,Cody Zeller,C,Charlotte Hornets,"$14,471,910 "
92,Eric Gordon,SG,Houston Rockets,"$14,057,730 "
93,Mason Plumlee,PF,Denver Nuggets,"$14,041,096 "
94,Marcin Gortat,C,LA Clippers,"$13,565,218 "
95,JJ Redick,SG,New Orleans Pelicans,"$13,486,300 "
96,Jordan Clarkson,PG,Utah Jazz,"$13,437,500 "
97,Dewayne Dedmon,C,Sacramento Kings,"$13,333,333 "
98,Jusuf Nurkic,C,Portland Trail Blazers,"$13,125,000 "
99,Justise Winslow,SF,Miami Heat,"$13,000,000 "
100,Michael Kidd-Gilchrist,SF,Charlotte Hornets,"$13,000,000 "
101,Thaddeus Young,PF,Chicago Bulls,"$12,900,000 "
102,Will Barton,SF,Denver Nuggets,"$12,776,786 "
103,Courtney Lee,SG,Dallas Mavericks,"$12,759,670 "
104,Solomon Hill,SF,Memphis Grizzlies,"$12,758,781 "
105,Larry Nance Jr.,PF,Cleveland Cavaliers,"$12,727,273 "
106,Kelly Olynyk,PF,Miami Heat,"$12,667,885 "
107,Marcus Smart,PG,Boston Celtics,"$12,553,571 "
108,Miles Plumlee,C,Memphis Grizzlies,"$12,500,000 "
109,Terrence Ross,SG,Orlando Magic,"$12,500,000 "
110,Nikola Mirotic,F,Milwaukee Bucks,"$12,500,000 "
111,Patty Mills,PG,San Antonio Spurs,"$12,428,571 "
112,Tyreke Evans,G,Indiana Pacers,"$12,400,000 "
113,Patrick Beverley,PG,LA Clippers,"$12,345,680 "
114,Trevor Ariza,SF,Sacramento Kings,"$12,195,122 "
115,Dion Waiters,G,Miami Heat,"$12,100,000 "
116,Brook Lopez,C,Milwaukee Bucks,"$12,093,023 "
117,Cory Joseph,PG,Sacramento Kings,"$12,000,000 "
118,Joe Ingles,SG,Utah Jazz,"$11,954,546 "
119,Zach Randolph,F,Dallas Mavericks,"$11,692,308 "
120,Tony Snell,SF,Detroit Pistons,"$11,392,857 "
121,Robert Covington,PF,Minnesota Timberwolves,"$11,301,219 "
122,Meyers Leonard,C,Miami Heat,"$11,286,516 "
123,Omer Asik,C,Chicago Bulls,"$11,286,516 "
124,Maurice Harkless,SF,New York Knicks,"$11,011,234 "
125,T.J. Warren,SF,Indiana Pacers,"$10,810,000 "
126,Andre Roberson,SG,Oklahoma City Thunder,"$10,740,740 "
127,Spencer Dinwiddie,PG,Brooklyn Nets,"$10,605,600 "
128,Jeremy Lamb,SG,Indiana Pacers,"$10,500,000 "
129,Dwight Powell,C,Dallas Mavericks,"$10,259,375 "
130,Norman Powell,SG,Toronto Raptors,"$10,116,576 "
131,Josh Richardson,SG,Philadelphia 76ers,"$10,116,576 "
132,Darren Collison,G,Indiana Pacers,"$10,000,000 "
133,Tomas Satoransky,SG,Chicago Bulls,"$10,000,000 "
134,DeAndre Jordan,C,Brooklyn Nets,"$9,881,598 "
135,Zion Williamson,SF,New Orleans Pelicans,"$9,757,440 "
136,Markelle Fultz,PG,Orlando Magic,"$9,745,200 "
137,John Henson,PF,Detroit Pistons,"$9,732,396 "
138,Matthew Dellavedova,PG,Cleveland Cavaliers,"$9,607,500 "
139,Dante Exum,PG,Utah Jazz,"$9,600,000 "
140,Deandre Ayton,C,Phoenix Suns,"$9,562,920 "
141,Delon Wright,PG,Dallas Mavericks,"$9,473,684 "
142,Fred VanVleet,SG,Toronto Raptors,"$9,346,153 "
143,Jerami Grant,PF,Denver Nuggets,"$9,346,153 "
144,Tyus Jones,PG,Memphis Grizzlies,"$9,258,000 "
145,Al-Farouq Aminu,PF,Orlando Magic,"$9,258,000 "
146,George Hill,PG,Milwaukee Bucks,"$9,133,907 "
147,Kyle Anderson,SF,Memphis Grizzlies,"$9,073,050 "
148,Taj Gibson,C,New York Knicks,"$9,000,000 "
149,Ja Morant,PG,Memphis Grizzlies,"$8,730,240 "
150,Lonzo Ball,PG,New Orleans Pelicans,"$8,719,320 "
151,E'Twaun Moore,SG,New Orleans Pelicans,"$8,664,928 "
152,Marvin Bagley III,PF,Sacramento Kings,"$8,556,120 "
153,Bogdan Bogdanovic,SG,Sacramento Kings,"$8,529,386 "
154,P.J. Tucker,PF,Houston Rockets,"$8,349,039 "
155,C.J. Miles,G,Washington Wizards,"$8,333,333 "
156,Cristiano Felicio,PF,Chicago Bulls,"$8,156,500 "
157,Ben Simmons,PG,Philadelphia 76ers,"$8,113,930 "
158,Kentavious Caldwell-Pope,SG,Los Angeles Lakers,"$8,089,282 "
159,Thomas Bryant,C,Washington Wizards,"$8,000,000 "
160,Elfrid Payton,PG,New York Knicks,"$8,000,000 "
161,Wayne Ellington,SG,New York Knicks,"$8,000,000 "
162,Lou Williams,SG,LA Clippers,"$8,000,000 "
163,Maxi Kleber,PF,Dallas Mavericks,"$8,000,000 "
164,RJ Barrett,SG,New York Knicks,"$7,839,960 "
165,Jayson Tatum,PF,Boston Celtics,"$7,830,000 "
166,Jae Crowder,SF,Memphis Grizzlies,"$7,815,533 "
167,Luka Doncic,SG,Dallas Mavericks,"$7,683,360 "
168,Joe Harris,SF,Brooklyn Nets,"$7,666,667 "
169,Darrell Arthur,F,Phoenix Suns,"$7,464,912 "
170,Seth Curry,SG,Dallas Mavericks,"$7,461,380 "
171,Doug McDermott,SF,Indiana Pacers,"$7,333,333 "
172,Langston Galloway,SG,Detroit Pistons,"$7,333,333 "
173,Derrick Rose,PG,Detroit Pistons,"$7,317,073 "
174,Brandon Ingram,SF,New Orleans Pelicans,"$7,265,485 "
175,D.J. Augustin,PG,Orlando Magic,"$7,250,000 "
176,Lance Thomas,F,Brooklyn Nets,"$7,119,650 "
177,De'Andre Hunter,SF,Atlanta Hawks,"$7,068,360 "
178,Josh Jackson,SG,Memphis Grizzlies,"$7,059,480 "
179,Davis Bertans,SF,Washington Wizards,"$7,000,000 "
180,DeMarre Carroll,F,San Antonio Spurs,"$7,000,000 "
181,Ersan Ilyasova,PF,Milwaukee Bucks,"$7,000,000 "
182,Darius Miller,SF,New Orleans Pelicans,"$7,000,000 "
183,Jaren Jackson Jr.,PF,Memphis Grizzlies,"$6,927,480 "
184,Nemanja Bjelica,PF,Sacramento Kings,"$6,825,000 "
185,Jaylen Brown,SG,Boston Celtics,"$6,534,829 "
186,Jabari Parker,F,Atlanta Hawks,"$6,500,000 "
187,Ivica Zubac,C,LA Clippers,"$6,481,482 "
188,Darius Garland,PG,Cleveland Cavaliers,"$6,400,920 "
189,De'Aaron Fox,PG,Sacramento Kings,"$6,392,760 "
190,Milos Teodosic,G,LA Clippers,"$6,300,000 "
191,Trae Young,PG,Atlanta Hawks,"$6,273,000 "
192,Wesley Johnson,F,Washington Wizards,"$6,134,520 "
193,Ish Smith,PG,Washington Wizards,"$6,000,000 "
194,Montrezl Harrell,PF,LA Clippers,"$6,000,000 "
195,Marco Belinelli,SG,San Antonio Spurs,"$5,846,154 "
196,Jarrett Culver,SG,Minnesota Timberwolves,"$5,813,640 "
197,Jonathan Isaac,PF,Orlando Magic,"$5,806,440 "
198,Rodney Hood,SF,Portland Trail Blazers,"$5,718,000 "
199,Jonathon Simmons,G,Washington Wizards,"$5,700,000 "
200,Mo Bamba,C,Orlando Magic,"$5,697,600 "
201,Trey Lyles,C,San Antonio Spurs,"$5,500,000 "
202,Alex Abrines,G,Oklahoma City Thunder,"$5,455,236 "
203,Aron Baynes,C,Phoenix Suns,"$5,453,280 "
204,Jason Smith,F,New Orleans Pelicans,"$5,450,000 "
205,Kris Dunn,SF,Chicago Bulls,"$5,348,007 "
206,Coby White,PG,Chicago Bulls,"$5,307,120 "
207,Lauri Markkanen,PF,Chicago Bulls,"$5,300,400 "
208,Alexis Ajinca,C,LA Clippers,"$5,285,394 "
209,Wendell Carter Jr.,C,Chicago Bulls,"$5,201,400 "
210,Dirk Nowitzki,F,Dallas Mavericks,"$5,000,000 "
211,Daniel Theis,C,Boston Celtics,"$5,000,000 "
212,Kyle Singler,F,Oklahoma City Thunder,"$4,996,000 "
213,Jaxson Hayes,C,New Orleans Pelicans,"$4,862,040 "
214,Buddy Hield,SG,Sacramento Kings,"$4,861,208 "
215,Frank Ntilikina,PG,New York Knicks,"$4,855,800 "
216,Rodney McGruder,SG,LA Clippers,"$4,807,693 "
217,Ed Davis,C,Utah Jazz,"$4,767,000 "
218,Richaun Holmes,C,Sacramento Kings,"$4,767,000 "
219,Frank Kaminsky,C,Phoenix Suns,"$4,767,000 "
220,Mike Scott,PF,Philadelphia 76ers,"$4,767,000 "
221,Garrett Temple,SG,Brooklyn Nets,"$4,767,000 "
222,Robin Lopez,C,Milwaukee Bucks,"$4,767,000 "
223,Avery Bradley,PG,Los Angeles Lakers,"$4,767,000 "
224,JaMychal Green,PF,LA Clippers,"$4,767,000 "
225,Justin Holiday,SF,Indiana Pacers,"$4,767,000 "
226,Enes Kanter,C,Boston Celtics,"$4,767,000 "
227,Collin Sexton,PG,Cleveland Cavaliers,"$4,764,960 "
228,Rui Hachimura,PF,Washington Wizards,"$4,469,160 "
229,Kevon Looney,PF,Golden State Warriors,"$4,464,226 "
230,Dennis Smith Jr.,PG,New York Knicks,"$4,463,640 "
231,Jamal Murray,PG,Denver Nuggets,"$4,444,746 "
232,Kevin Knox II,SF,New York Knicks,"$4,380,120 "
233,Luc Mbah a Moute,F,LA Clippers,"$4,320,500 "
234,Cam Reddish,SG,Atlanta Hawks,"$4,245,720 "
235,Zach Collins,PF,Portland Trail Blazers,"$4,240,200 "
236,Mikal Bridges,SF,Phoenix Suns,"$4,161,000 "
237,Alex Len,C,Atlanta Hawks,"$4,160,000 "
238,Nicolo Melli,PF,New Orleans Pelicans,"$4,102,564 "
239,Cameron Johnson,SF,Phoenix Suns,"$4,033,440 "
240,Malik Monk,SG,Charlotte Hornets,"$4,028,400 "
241,Patrick McCaw,SF,Toronto Raptors,"$4,000,000 "
242,Reggie Bullock,SG,New York Knicks,"$4,000,000 "
243,JaVale McGee,C,Los Angeles Lakers,"$4,000,000 "
244,Dorian Finney-Smith,SF,Dallas Mavericks,"$4,000,000 "
245,Shai Gilgeous-Alexander,SG,Oklahoma City Thunder,"$3,952,920 "
246,PJ Washington,PF,Charlotte Hornets,"$3,831,840 "
247,Luke Kennard,SG,Detroit Pistons,"$3,827,160 "
248,Miles Bridges,SF,Charlotte Hornets,"$3,755,400 "
249,Jakob Poeltl,C,San Antonio Spurs,"$3,754,886 "
250,Tyler Herro,SG,Miami Heat,"$3,640,200 "
251,Donovan Mitchell,SG,Utah Jazz,"$3,635,760 "
252,Stanley Johnson,SF,Toronto Raptors,"$3,623,000 "
253,Jake Layman,SF,Minnesota Timberwolves,"$3,581,986 "
254,Thon Maker,PF,Detroit Pistons,"$3,569,643 "
255,Jerome Robinson,SG,Washington Wizards,"$3,567,720 "
256,Allonzo Trier,SG,New York Knicks,"$3,551,000 "
257,Danuel House Jr.,SF,Houston Rockets,"$3,540,000 "
258,Domantas Sabonis,PF,Indiana Pacers,"$3,529,555 "
259,DeMarcus Cousins,C,Los Angeles Lakers,"$3,500,000 "
260,Michael Beasley,F,LA Clippers,"$3,500,000 "
261,T.J. McConnell,PG,Indiana Pacers,"$3,500,000 "
262,Boban Marjanovic,C,Dallas Mavericks,"$3,500,000 "
263,Dario Saric,PF,Phoenix Suns,"$3,481,986 "
264,Taurean Prince,PF,Brooklyn Nets,"$3,481,986 "
265,Romeo Langford,SG,Boston Celtics,"$3,458,400 "
266,Bam Adebayo,PF,Miami Heat,"$3,454,080 "
267,Michael Porter Jr.,PF,Denver Nuggets,"$3,389,400 "
268,Denzel Valentine,SG,Chicago Bulls,"$3,377,569 "
269,Juan Hernangomez,PF,Minnesota Timberwolves,"$3,321,030 "
270,Sekou Doumbouya,SF,Detroit Pistons,"$3,285,120 "
271,Justin Jackson,SF,Dallas Mavericks,"$3,280,920 "
272,Troy Brown Jr.,SF,Washington Wizards,"$3,219,480 "
273,Markieff Morris,PF,Detroit Pistons,"$3,200,000 "
274,Yogi Ferrell,PG,Sacramento Kings,"$3,150,000 "
275,Zhaire Smith,SG,Philadelphia 76ers,"$3,058,800 "
276,Khem Birch,C,Orlando Magic,"$3,000,000 "
277,Quinn Cook,PG,Los Angeles Lakers,"$3,000,000 "
278,Ryan Arcidiacono,PG,Chicago Bulls,"$3,000,000 "
279,Nickeil Alexander-Walker,SG,New Orleans Pelicans,"$2,964,840 "
280,D.J. Wilson,PF,Milwaukee Bucks,"$2,961,120 "
281,Cedi Osman,SF,Cleveland Cavaliers,"$2,907,143 "
282,Donte DiVincenzo,SG,Milwaukee Bucks,"$2,905,800 "
283,Bryn Forbes,SG,San Antonio Spurs,"$2,875,000 "
284,Goga Bitadze,C,Indiana Pacers,"$2,816,760 "
285,T.J. Leaf,PF,Indiana Pacers,"$2,813,280 "
286,Alex Caruso,SG,Los Angeles Lakers,"$2,750,000 "
287,Malik Beasley,SG,Minnesota Timberwolves,"$2,731,714 "
288,Luka Samanic,PF,San Antonio Spurs,"$2,689,920 "
289,Lonnie Walker IV,SG,San Antonio Spurs,"$2,689,920 "
290,John Collins,PF,Atlanta Hawks,"$2,686,560 "
291,Kevin Huerter,SG,Atlanta Hawks,"$2,636,280 "
292,Caris LeVert,SG,Brooklyn Nets,"$2,625,718 "
293,Marko Guduric,SG,Memphis Grizzlies,"$2,625,000 "
294,DeAndre' Bembry,SG,Atlanta Hawks,"$2,603,982 "
295,Matisse Thybulle,SG,Philadelphia 76ers,"$2,582,160 "
296,Harry Giles III,PF,Sacramento Kings,"$2,578,800 "
297,Wesley Matthews,SG,Milwaukee Bucks,"$2,564,753 "
298,Rajon Rondo,PG,Los Angeles Lakers,"$2,564,753 "
299,Nene Hilario,F,Atlanta Hawks,"$2,564,753 "
300,Josh Okogie,SG,Minnesota Timberwolves,"$2,530,680 "
301,Vincent Poirier,C,Boston Celtics,"$2,505,793 "
302,Rondae Hollis-Jefferson,SF,Toronto Raptors,"$2,500,000 "
303,Manu Ginobili,G,San Antonio Spurs,"$2,500,000 "
304,Brandon Clarke,SF,Memphis Grizzlies,"$2,478,840 "
305,Terrance Ferguson,SF,Oklahoma City Thunder,"$2,475,840 "
306,Emeka Okafor,C,Philadelphia 76ers,"$2,445,085 "
307,Kendrick Perkins,C,Cleveland Cavaliers,"$2,445,085 "
308,Grayson Allen,SG,Memphis Grizzlies,"$2,429,400 "
309,Grant Williams,PF,Boston Celtics,"$2,379,840 "
310,Jarrett Allen,C,Brooklyn Nets,"$2,376,840 "
311,Pascal Siakam,PF,Toronto Raptors,"$2,351,839 "
312,Skal Labissiere,PF,Portland Trail Blazers,"$2,338,847 "
313,Chandler Hutchison,SF,Chicago Bulls,"$2,332,320 "
314,Aaron Holiday,PG,Indiana Pacers,"$2,329,200 "
315,Dejounte Murray,PG,San Antonio Spurs,"$2,321,735 "
316,Damian Jones,C,Atlanta Hawks,"$2,305,057 "
317,Darius Bazley,SF,Oklahoma City Thunder,"$2,284,800 "
318,OG Anunoby,SF,Toronto Raptors,"$2,281,800 "
319,Ante Zizic,C,Cleveland Cavaliers,"$2,281,800 "
320,Luke Kornet,PF,Chicago Bulls,"$2,250,000 "
321,Brandon Jennings,G,Milwaukee Bucks,"$2,222,803 "
322,Ty Jerome,SG,Phoenix Suns,"$2,193,480 "
323,Willie Cauley-Stein,C,Golden State Warriors,"$2,177,483 "
324,Anfernee Simons,SG,Portland Trail Blazers,"$2,149,560 "
325,Austin Rivers,PG,Houston Rockets,"$2,147,317 "
326,Nassir Little,SF,Portland Trail Blazers,"$2,105,520 "
327,Moritz Wagner,SF,Washington Wizards,"$2,063,520 "
328,Sean Kilpatrick,G,Chicago Bulls,"$2,054,856 "
329,Dylan Windler,SG,Cleveland Cavaliers,"$2,035,800 "
330,Caleb Swanigan,PF,Sacramento Kings,"$2,033,160 "
331,Ben McLemore,SG,Houston Rockets,"$2,028,594 "
332,Edmond Sumner,PG,Indiana Pacers,"$2,000,000 "
333,Torrey Craig,SF,Denver Nuggets,"$2,000,000 "
334,Noah Vonleh,PF,Minnesota Timberwolves,"$2,000,000 "
335,Landry Shamet,SG,LA Clippers,"$1,995,120 "
336,Mfiondu Kabengele,PF,LA Clippers,"$1,977,000 "
337,Kyle Kuzma,PF,Los Angeles Lakers,"$1,974,600 "
338,Jordan Poole,SG,Golden State Warriors,"$1,964,760 "
339,Tony Bradley,C,Utah Jazz,"$1,962,360 "
340,Keldon Johnson,SF,San Antonio Spurs,"$1,950,600 "
341,Derrick White,PG,San Antonio Spurs,"$1,948,080 "
342,Robert Williams III,C,Boston Celtics,"$1,937,520 "
343,Jacob Evans,SG,Minnesota Timberwolves,"$1,925,880 "
344,Dzanan Musa,SG,Brooklyn Nets,"$1,911,600 "
345,Omari Spellman,PF,Golden State Warriors,"$1,897,800 "
346,James Ennis III,SF,Philadelphia 76ers,"$1,882,867 "
347,Shabazz Napier,PG,Washington Wizards,"$1,845,301 "
348,Bruno Caboclo,SF,Memphis Grizzlies,"$1,845,301 "
349,DeAndre Liggins,G,Miami Heat,"$1,795,015 "
350,Cameron Payne,G,Toronto Raptors,"$1,737,145 "
351,Mario Hezonja,SF,Portland Trail Blazers,"$1,737,145 "
352,Pat Connaughton,SG,Milwaukee Bucks,"$1,723,050 "
353,Jahlil Okafor,C,New Orleans Pelicans,"$1,702,486 "
354,Rodions Kurucs,SF,Brooklyn Nets,"$1,699,236 "
355,Jonah Bolden,PF,Phoenix Suns,"$1,698,450 "
356,Cheick Diallo,PF,Phoenix Suns,"$1,678,854 "
357,David Nwaba,SG,Brooklyn Nets,"$1,678,854 "
358,Dragan Bender,F,Milwaukee Bucks,"$1,678,854 "
359,Willy Hernangomez,C,Charlotte Hornets,"$1,676,735 "
360,MarShon Brooks,G,Chicago Bulls,"$1,656,092 "
361,Julyan Stone,G,Chicago Bulls,"$1,656,092 "
362,Josh Hart,SG,New Orleans Pelicans,"$1,655,160 "
363,Georges Niang,SF,Utah Jazz,"$1,645,357 "
364,Derrick Jones Jr.,SF,Miami Heat,"$1,645,357 "
365,Christian Wood,PF,Detroit Pistons,"$1,645,357 "
366,Jordan McRae,SG,Washington Wizards,"$1,645,357 "
367,Treveon Graham,SG,Minnesota Timberwolves,"$1,645,357 "
368,Jordan Bell,PF,Minnesota Timberwolves,"$1,620,564 "
369,Isaiah Taylor,G,Toronto Raptors,"$1,620,564 "
370,Emmanuel Mudiay,PG,Utah Jazz,"$1,620,564 "
371,Jeff Green,F,Utah Jazz,"$1,620,564 "
372,Mike Muscala,PF,Oklahoma City Thunder,"$1,620,564 "
373,Nerlens Noel,C,Oklahoma City Thunder,"$1,620,564 "
374,Anthony Tolliver,PF,Sacramento Kings,"$1,620,564 "
375,Tyler Lydon,F,Sacramento Kings,"$1,620,564 "
376,Alec Burks,SG,Philadelphia 76ers,"$1,620,564 "
377,Trey Burke,G,Philadelphia 76ers,"$1,620,564 "
378,Raul Neto,PG,Philadelphia 76ers,"$1,620,564 "
379,Furkan Korkmaz,SG,Philadelphia 76ers,"$1,620,564 "
380,Kyle O'Quinn,C,Philadelphia 76ers,"$1,620,564 "
381,Glenn Robinson III,F,Philadelphia 76ers,"$1,620,564 "
382,Michael Carter-Williams,PG,Orlando Magic,"$1,620,564 "
383,Wilson Chandler,SF,Brooklyn Nets,"$1,620,564 "
384,Kyle Korver,SG,Milwaukee Bucks,"$1,620,564 "
385,Udonis Haslem,PF,Miami Heat,"$1,620,564 "
386,Troy Daniels,SG,Los Angeles Lakers,"$1,620,564 "
387,Jared Dudley,SF,Los Angeles Lakers,"$1,620,564 "
388,Dwight Howard,C,Los Angeles Lakers,"$1,620,564 "
389,Patrick Patterson,PF,LA Clippers,"$1,620,564 "
390,Isaiah Thomas,G,Washington Wizards,"$1,620,564 "
391,JaKarr Sampson,SF,Indiana Pacers,"$1,620,564 "
392,Ryan Anderson,F,Houston Rockets,"$1,620,564 "
393,Thabo Sefolosha,SF,Houston Rockets,"$1,620,564 "
394,Tyson Chandler,C,Houston Rockets,"$1,620,564 "
395,Tim Frazier,G,Detroit Pistons,"$1,620,564 "
396,Joe Johnson,G,Detroit Pistons,"$1,620,564 "
397,Gerald Green,G,Denver Nuggets,"$1,620,564 "
398,Justin Patton,C,Oklahoma City Thunder,"$1,620,564 "
399,J.J. Barea,PG,Dallas Mavericks,"$1,620,564 "
400,Jarell Martin,F,Cleveland Cavaliers,"$1,620,564 "
401,Shaquille Harrison,PG,Chicago Bulls,"$1,620,564 "
402,Vince Carter,SG,Atlanta Hawks,"$1,620,564 "
403,Dwayne Bacon,SG,Charlotte Hornets,"$1,618,520 "
404,Dillon Brooks,SG,Memphis Grizzlies,"$1,618,520 "
405,Royce O'Neale,SF,Utah Jazz,"$1,618,520 "
406,Abdel Nader,SF,Oklahoma City Thunder,"$1,618,520 "
407,Damyean Dotson,SG,New York Knicks,"$1,618,520 "
408,Sterling Brown,SG,Milwaukee Bucks,"$1,618,520 "
409,Frank Jackson,PG,New Orleans Pelicans,"$1,618,520 "
410,Semi Ojeleye,PF,Boston Celtics,"$1,618,520 "
411,Wes Iwundu,SF,Orlando Magic,"$1,618,420 "
412,Dwight Buycks,G,Detroit Pistons,"$1,600,520 "
413,Mitchell Robinson,C,New York Knicks,"$1,599,712 "
414,Chris Boucher,PF,Toronto Raptors,"$1,588,231 "
415,Malcolm Miller,SG,Toronto Raptors,"$1,588,231 "
416,Monte Morris,PG,Denver Nuggets,"$1,588,231 "
417,Antonio Blakeney,G,Chicago Bulls,"$1,588,231 "
418,Tyrone Wallace,G,Atlanta Hawks,"$1,588,231 "
419,Malachi Richardson,G,Philadelphia 76ers,"$1,569,360 "
420,Georgios Papagiannis,C,Portland Trail Blazers,"$1,544,951 "
421,Chinanu Onuaku,C,Portland Trail Blazers,"$1,544,951 "
422,Wade Baldwin IV,G,Indiana Pacers,"$1,544,951 "
423,Isaiah Whitehead,G,Detroit Pistons,"$1,544,951 "
424,Paul Zipser,F,Chicago Bulls,"$1,544,951 "
425,Amile Jefferson,F,Orlando Magic,"$1,529,007 "
426,Omri Casspi,F,Memphis Grizzlies,"$1,512,601 "
427,Lorenzo Brown,G,Guangzhou Guangzhou Long-Lions,"$1,512,601 "
428,Isaiah Canaan,G,Milwaukee Bucks,"$1,512,601 "
429,Dwyane Wade,G,Miami Heat,"$1,512,601 "
430,Nigel Williams-Goss,PG,Utah Jazz,"$1,500,000 "
431,Isaiah Roby,SF,Oklahoma City Thunder,"$1,500,000 "
432,Shake Milton,SG,Philadelphia 76ers,"$1,455,697 "
433,Wenyen Gabriel,PF,Sacramento Kings,"$1,445,697 "
434,Theo Pinson,SG,Brooklyn Nets,"$1,445,697 "
435,Thanasis Antetokounmpo,SF,Milwaukee Bucks,"$1,445,697 "
436,Derrick Walton Jr.,G,LA Clippers,"$1,445,697 "
437,Brad Wanamaker,PG,Boston Celtics,"$1,445,697 "
438,Iman Shumpert,G,Brooklyn Nets,"$1,419,138 "
439,Devonte' Graham,PG,Charlotte Hornets,"$1,416,852 "
440,De'Anthony Melton,SG,Memphis Grizzlies,"$1,416,852 "
441,Jemerrio Jones,F,Milwaukee Bucks,"$1,416,852 "
442,Deonte Burton,SG,Oklahoma City Thunder,"$1,416,852 "
443,Hamidou Diallo,SG,Oklahoma City Thunder,"$1,416,852 "
444,Chimezie Metu,PF,San Antonio Spurs,"$1,416,852 "
445,Gary Trent Jr.,SG,Portland Trail Blazers,"$1,416,852 "
446,Elie Okobo,SF,Phoenix Suns,"$1,416,852 "
447,Jevon Carter,PG,Phoenix Suns,"$1,416,852 "
448,Melvin Frazier Jr.,SG,Orlando Magic,"$1,416,852 "
449,Jarred Vanderbilt,PF,Minnesota Timberwolves,"$1,416,852 "
450,Duncan Robinson,SG,Miami Heat,"$1,416,852 "
451,Kendrick Nunn,SG,Miami Heat,"$1,416,852 "
452,Alize Johnson,PF,Indiana Pacers,"$1,416,852 "
453,Isaiah Hartenstein,C,Houston Rockets,"$1,416,852 "
454,Khyri Thomas,SG,Detroit Pistons,"$1,416,852 "
455,Sviatoslav Mykhailiuk,SG,Detroit Pistons,"$1,416,852 "
456,Bruce Brown,SG,Detroit Pistons,"$1,416,852 "
457,Keita Bates-Diop,SF,Minnesota Timberwolves,"$1,416,852 "
458,Jalen Brunson,PG,Dallas Mavericks,"$1,416,852 "
459,Ryan Broekhoff,G,Dallas Mavericks,"$1,416,852 "
460,Kenrich Williams,SG,New Orleans Pelicans,"$1,416,852 "
461,Dairis Bertans,G,New Orleans Pelicans,"$1,416,852 "
462,Yante Maten,F,Boston Celtics,"$1,416,852 "
463,Tarik Phillip,G,Washington Wizards,"$1,416,842 "
464,Isaac Bonga,SF,Washington Wizards,"$1,416,842 "
465,Jaylen Nowell,SG,Minnesota Timberwolves,"$1,400,000 "
466,Bruno Fernando,PF,Atlanta Hawks,"$1,400,000 "
467,Dakari Johnson,C,Memphis Grizzlies,"$1,378,242 "
468,Kyle Collinsworth,G,Utah Jazz,"$1,378,242 "
469,Brandon Paul,G,San Antonio Spurs,"$1,378,242 "
470,Jaylen Morris,G,Milwaukee Bucks,"$1,378,242 "
471,Rodney Purvis,G,Miami Heat,"$1,378,242 "
472,David Stockton,G,Los Angeles Lakers,"$1,378,242 "
473,Ike Anigbogu,C,Indiana Pacers,"$1,378,242 "
474,Zhou Qi,C,Houston Rockets,"$1,378,242 "
475,Aaron Jackson,F,Houston Rockets,"$1,378,242 "
476,Carmelo Anthony,PF,Portland Trail Blazers,"$1,364,204 "
477,Jabari Bird,G,Atlanta Hawks,"$1,349,464 "
478,Ben Moore,F,San Antonio Spurs,"$1,349,383 "
479,James Nunnally,G,Shanghai Sharks,"$1,349,383 "
480,Kevin Porter Jr.,SG,Cleveland Cavaliers,"$1,290,960 "
481,Carsen Edwards,PG,Boston Celtics,"$1,228,026 "
482,Okaro White,F,Washington Wizards,"$1,187,862 "
483,Cody Martin,SF,Charlotte Hornets,"$1,173,310 "
484,Gary Payton II,PG,Washington Wizards,"$1,052,909 "
485,Nick Young,G,Denver Nuggets,"$1,042,584 "
486,Admiral Schofield,SG,Washington Wizards,"$1,000,000 "
487,Terance Mann,SG,LA Clippers,"$1,000,000 "
488,Ron Baker,G,Washington Wizards,"$948,580 "
489,Jalen McDaniels,PF,Charlotte Hornets,"$898,310 "
490,Caleb Martin,SF,Charlotte Hornets,"$898,310 "
491,Matt Thomas,SG,Toronto Raptors,"$898,310 "
492,Terence Davis,SG,Toronto Raptors,"$898,310 "
493,Dewan Hernandez,C,Toronto Raptors,"$898,310 "
494,Justin Robinson,G,Washington Wizards,"$898,310 "
495,Stanton Kidd,F,Utah Jazz,"$898,310 "
496,Miye Oni,SG,Utah Jazz,"$898,310 "
497,Justin James,SG,Sacramento Kings,"$898,310 "
498,Jalen Lecque,PG,Phoenix Suns,"$898,310 "
499,Ignas Brazdeikis,SF,New York Knicks,"$898,310 "
500,Nicolas Claxton,PF,Brooklyn Nets,"$898,310 "
501,Naz Reid,C,Minnesota Timberwolves,"$898,310 "
502,KZ Okpala,SF,Miami Heat,"$898,310 "
503,Talen Horton-Tucker,SG,Los Angeles Lakers,"$898,310 "
504,Eric Paschall,PF,Golden State Warriors,"$898,310 "
505,Alen Smailagic,PF,Golden State Warriors,"$898,310 "
506,Vlatko Cancar,SF,Denver Nuggets,"$898,310 "
507,Daniel Gafford,PF,Chicago Bulls,"$898,310 "
508,Max Strus,SG,Chicago Bulls,"$898,310 "
509,Javonte Green,SG,Boston Celtics,"$898,310 "
510,Damion Lee,SG,Golden State Warriors,"$842,327 "
511,Isaiah Briscoe,G,Orlando Magic,"$838,464 "
512,Juwan Morgan,SF,Utah Jazz,"$746,054 "
513,Rayjon Tucker,SG,Utah Jazz,"$578,573 "
514,Chris Clemons,PG,Houston Rockets,"$563,347 "
515,Anzejs Pasecniks,C,Washington Wizards,"$482,144 "
516,Chris Silva,PF,Miami Heat,"$466,918 "
517,Jimmer Fredette,G,Phoenix Suns,"$208,509 "